"STATION","DATE","LATITUDE","LONGITUDE","ELEVATION","NAME","CDSD","CDSD_ATTRIBUTES","CLDD","CLDD_ATTRIBUTES","DP01","DP01_ATTRIBUTES","DP10","DP10_ATTRIBUTES","DP1X","DP1X_ATTRIBUTES","DSND","DSND_ATTRIBUTES","DSNW","DSNW_ATTRIBUTES","DT00","DT00_ATTRIBUTES","DT32","DT32_ATTRIBUTES","DX32","DX32_ATTRIBUTES","DX70","DX70_ATTRIBUTES","DX90","DX90_ATTRIBUTES","DYFG","DYFG_ATTRIBUTES","DYTS","DYTS_ATTRIBUTES","EMNT","EMNT_ATTRIBUTES","EMSD","EMSD_ATTRIBUTES","EMSN","EMSN_ATTRIBUTES","EMXP","EMXP_ATTRIBUTES","EMXT","EMXT_ATTRIBUTES","FZF0","FZF0_ATTRIBUTES","FZF1","FZF1_ATTRIBUTES","FZF2","FZF2_ATTRIBUTES","FZF3","FZF3_ATTRIBUTES","FZF4","FZF4_ATTRIBUTES","FZF5","FZF5_ATTRIBUTES","FZF6","FZF6_ATTRIBUTES","FZF7","FZF7_ATTRIBUTES","FZF8","FZF8_ATTRIBUTES","FZF9","FZF9_ATTRIBUTES","HDSD","HDSD_ATTRIBUTES","HTDD","HTDD_ATTRIBUTES","PRCP","PRCP_ATTRIBUTES","SNOW","SNOW_ATTRIBUTES","TAVG","TAVG_ATTRIBUTES","TMAX","TMAX_ATTRIBUTES","TMIN","TMIN_ATTRIBUTES"
"USC00261485","1893","39.1254","-119.7679","1451.2","CARSON CITY, NV US","","","","","","","","","","","","","","","","","","","","","","","","","         5"," ","","","","","","","","","","","","","","","","","","","","","","","","","","","","","","","","","","","","","","","","","","","","","",""
"USC00261485","1894","39.1254","-119.7679","1451.2","CARSON CITY, NV US","     78.8","","      78.8","6","        74","6","        32","6","         2","6","","","        13","6","         3","6","       184","6","        12","6","       152","6","        10","6","","","","","  -21.7","6,0106, ","","","   239"," ,6,0215, ","  35.3"," ,6,0115, ","   33.9","6,0825,+","0.0","6,0913","-3.9","6,0914","-4.4","6,0928","-6.7","6,1028","-8.9","6,1117","-1.7","6,0613","-3.9","6,0612","-6.7","6,0516","-6.7","6,0516","-12.2","6,0303","","","","","    325.4"," ,6","     1438"," ,6","      8.74","6","     17.38","6","      0.10","6"
"USC00261485","1895","39.1254","-119.7679","1451.2","CARSON CITY, NV US","     74.6","","      74.6","6","        51","6","        24","6","         1","6","","","        12","6","         5","6","       189","6","        14","6","       144","6","        13","6","","","","","  -21.1","6,0120, ","","","   234"," ,6,0118, ","  39.9"," ,6,0104, ","   36.7","6,0805, ","0.0","6,0902","-2.8","6,0915","-7.2","6,0921","-7.2","6,0921","-10.6","6,1123","-1.1","6,0618","-3.3","6,0529","-4.4","6,0415","-6.7","6,0406","-9.4","6,0405","    3500.2","2","    3500.2","6","    277.2"," ,6","     1231"," ,6","      8.60","6","     17.64","6","     -0.45","6"
"USC00261485","1896","39.1254","-119.7679","1451.2","CARSON CITY, NV US","    141.1","","     141.1","6","        71","6","        33","6","         4","6","","","         4","6","         0","6","       170","6","         5","6","       138","6","        16","6","","","","","  -13.9","6,1129, ","","","    48"," ,6,0302, ","  31.5"," ,6,0120, ","   36.1","6,0719, ","0.0","6,0928","-2.2","6,1012","-5.6","6,1013","-7.2","6,1104","-10.0","6,1126","-2.2","6,0520","-2.2","6,0520","-5.6","6,0510","-8.9","6,0420","-8.9","6,0420","    3544.0","0","    3544.0","6","    371.5"," ,6","      224"," ,6","      9.62","6","     17.61","6","      1.64","6"
"USC00261485","1897","39.1254","-119.7679","1451.2","CARSON CITY, NV US","    105.2","","     105.2","6","        69","6","        33","6","         2","6","","","        16","6","         4","6","       175","6","         9","6","       148","6","        16","6","","","","","  -25.6","6,0223, ","","","   257"," ,6,0218, ","  27.9"," ,6,0216, ","   35.0","6,0823,+","-1.7","6,0908","-6.1","6,1016","-6.1","6,1016","-6.7","6,1104","-10.0","6,1108","0.0","6,0617","-2.8","6,0509","-4.4","6,0408","-12.2","6,0330","-12.2","6,0330","    3391.2","2","    3391.2","6","    346.5"," ,6","     1731"," ,6","      8.89","6","     17.15","6","      0.63","6"
"USC00261485","1898","39.1254","-119.7679","1451.2","CARSON CITY, NV US","    150.4","","     150.4","6","        43","6","        21","6","         0","6","","","        13","6","         6","6","       183","6","        11","6","       153","6","        31","6","","","","","  -21.1","6,0111, ","","","    99"," ,6,0315, ","  19.1"," ,6,1129, ","   37.2","6,0801,+","0.0","6,0902","-3.3","6,1003","-5.0","6,1004","-6.7","6,1101","-11.7","6,1109","-1.1","6,0604","-2.8","6,0412","-4.4","6,0405","-6.7","6,0404","-12.8","6,0326","    3559.3","3","    3559.3","6","    153.9"," ,6","      772"," ,6","      9.01","6","     18.11","6","     -0.10","6"
"USC00261485","1899","39.1254","-119.7679","1451.2","CARSON CITY, NV US","     56.5","","      56.5","6","        64","6","        26","6","         1","6","","","        15","6","         2","6","       173","6","         7","6","       143","6","        18","6","         4"," ","","","  -21.1","6,0105, ","","","   348"," ,6,0102, ","  26.7"," ,6,0322, ","   35.6","6,0718, ","0.0","6,0909","-5.6","6,1003","-5.6","6,1003","-6.7","6,1029","-10.6","6,1206","-2.8","6,0530","-2.8","6,0530","-5.0","6,0519","-8.3","6,0429","-12.8","6,0313","    3397.5","5","    3397.5","6","    270.4"," ,6","     1277"," ,6","      9.16","6","     17.62","6","      0.70","6"
"USC00261485","1900","39.1254","-119.7679","1451.2","CARSON CITY, NV US","","","","","        57","6","        23","6","         1","6","","","         8","6","         0","6","       160","6","","","","","","","         5"," ","","","  -15.0","6,1231, ","","","   198"," ,6,0402, ","  32.3"," ,6,1121, ","","","0.0","6,0914","-2.2","6,0917","-5.6","6,0927","-8.9","6,1030","-8.9","6,1030","-1.1","6,0512","-2.8","6,0427","-5.6","6,0413","-7.2","6,0410","-8.9","6,0127","    3114.0","0","    3114.0"," ","    232.0"," ,6","      731"," ,6","","","","","      1.68","6"
"USC00261485","1901","39.1254","-119.7679","1451.2","CARSON CITY, NV US","    152.7","","     152.7","6","        71","6","        33","6","         0","6","","","         7","6","         3","6","       167","6","         9","6","       153","6","        28","6","","","","","  -23.3","6,0211, ","","","   206"," ,6,0205, ","  24.4"," ,6,0205, ","   36.1","6,0730, ","-0.6","6,0907","-2.2","6,1022","-4.4","6,1103","-6.7","6,1113","-8.9","6,1212","0.0","6,0613","-2.2","6,0522","-5.0","6,0417","-6.7","6,0407","-12.8","6,0213","","","","","    311.6"," ,6","      746"," ,6","      9.76","6","     18.33","6","      1.20","6"
"USC00261485","1902","39.1254","-119.7679","1451.2","CARSON CITY, NV US","    112.3","","     112.3","6","        62","6","        24","6","         1","6","","","         8","6","         1","6","       175","6","         6","6","       146","6","        28","6","","","","","  -19.4","6,0126, ","","","   368"," ,6,0301, ","  28.2"," ,6,0226, ","   36.1","6,0806,+","-1.1","6,0921","-5.0","6,0926","-5.0","6,0926","-6.7","6,1018","-8.9","6,1117","-1.7","6,0602","-3.3","6,0520","-5.6","6,0502","-8.3","6,0324","-8.9","6,0307","    3269.4","4","    3269.4","6","    208.7"," ,6","     1110"," ,6","      9.25","6","     17.91","6","      0.59","6"
"USC00261485","1903","39.1254","-119.7679","1451.2","CARSON CITY, NV US","     55.1","","      55.1","6","        49","6","        14","6","         2","6","","","         7","6","        10","6","       176","6","        12","6","       163","6","        10","6","","","","","  -26.7","6,0206, ","","","   216"," ,6,0127, ","  38.9"," ,6,0127, ","   34.4","6,0808, ","-3.3","6,0914","-3.3","6,0914","-5.0","6,1021","-10.0","6,1109","-10.0","6,1109","0.0","6,0603","-2.2","6,0519","-5.6","6,0415","-7.8","6,0402","-8.9","6,0306","    3582.2","2","    3582.2","6","    192.3"," ,6","      748"," ,6","      8.64","6","     17.78","6","     -0.50","6"
"USC00261485","1904","39.1254","-119.7679","1451.2","CARSON CITY, NV US","    139.5","","     139.5","6","        66","6","        31","6","         3","6","","","         9","6","         1","6","       167","6","         5","6","       152","6","        24","6","","","","","  -20.6","6,0120, ","","","   114"," ,6,0119, ","  45.5"," ,6,0224, ","   34.4","6,0807,+","-1.1","6,0928","-2.2","6,1012","-7.8","6,1017","-7.8","6,1017","-9.4","6,1119","0.0","6,0607","-2.2","6,0508","-5.6","6,0424","-7.2","6,0321","-8.9","6,0210","    3283.6","6","    3283.6","6","    315.6"," ,6","      701"," ,6","      9.70","6","     18.38","6","      1.01","6"
"USC00261485","1905","39.1254","-119.7679","1451.2","CARSON CITY, NV US","    119.6","","     119.6","6","        55","6","        24","6","         0","6","","","        12","6","         3","6","       180","6","         4","6","       149","6","        25","6","","","","","  -18.3","6,1210, ","","","   137"," ,6,1121, ","  18.3"," ,6,0201, ","   36.1","6,0709, ","-1.1","6,0919","-2.8","6,0930","-5.6","6,1009","-8.9","6,1017","-8.9","6,1017","-1.1","6,0605","-3.9","6,0511","-5.0","6,0510","-8.9","6,0331","-8.9","6,0331","    3261.2","2","    3261.2","6","    179.6"," ,6","      898"," ,6","      9.14","6","     18.14","6","      0.14","6"
"USC00261485","1906","39.1254","-119.7679","1451.2","CARSON CITY, NV US","    160.6","","     160.6","6","        77","6","        38","6","         3","6","","","        14","6","         0","6","       156","6","         6","6","       152","6","        30","6","         1"," ","","","  -15.0","6,1206, ","","","   318"," ,6,0115, ","  49.5"," ,6,0113, ","   36.1","6,0712, ","-0.6","6,0916","-2.2","6,1004","-11.7","6,1022","-11.7","6,1022","-11.7","6,1022","-1.1","6,0531","-3.3","6,0517","-5.6","6,0404","-7.8","6,0319","-8.9","6,0121","    3513.6","6","    3513.6","6","    439.4"," ,6","     1352"," ,6","      9.69","6","     17.82","6","      1.57","6"
"USC00261485","1924","39.1254","-119.7679","1451.2","CARSON CITY, NV US","","","","","","","","","","","","","","","","","","","         9","6","       182","6","        51","6","         2"," ","","","","","","","","","","","   38.3","6,0827,+","","","","","","","","","","","","","","","","","","","","","","","","","","","","","","","     19.77","6","",""
"USC00261485","1925","39.1254","-119.7679","1451.2","CARSON CITY, NV US","","","","","","","","","","","","","","","","","","","","","","","","","         2"," ","","","","","","","","","","","","","","","","","","","","","","","","","","","","","","","","","","","","","","","","","","","","","",""
"USC00261485","1926","39.1254","-119.7679","1451.2","CARSON CITY, NV US","    160.7","","     160.7","6","        37","6","        22","6","         3","6","","","","","         1","6","       169","6","         4","6","       184","6","        53","6","         2"," ","","","  -20.6","6,1224, ","","","","","  43.2"," ,6,1124, ","   38.3","6,0824,+","-3.3","6,0919","-3.3","6,0919","-5.6","6,0925","-7.2","6,0927","-11.7","6,1030","-2.2","6,0512","-2.2","6,0512","-4.4","6,0402","-6.7","6,0306","-8.9","6,0221","","","","","    280.2"," ,6","","","     10.33","6","     20.75","6","     -0.09","6"
"USC00261485","1927","39.1254","-119.7679","1451.2","CARSON CITY, NV US","    122.2","","     122.2","6","        39","6","        28","6","         0","6","","","","","         0","6","       173","6","         1","6","       163","6","        35","6","","","","","  -14.4","6,0112, ","","","","","  22.1"," ,6,0214, ","   36.1","6,0721,+","-2.2","6,0908","-2.2","6,0908","-6.7","6,1001","-6.7","6,1001","-9.4","6,1007","-0.6","6,0531","-2.2","6,0522","-7.2","6,0417","-7.2","6,0417","-9.4","6,0410","    3106.2","2","    3106.2","6","    268.3"," ,6","","","      9.96","6","     19.40","6","      0.52","6"
"USC00261485","1928","39.1254","-119.7679","1451.2","CARSON CITY, NV US","    149.3","","     149.3","6","        28","6","        20","6","         2","6","","","","","         7","6","       177","6","         3","6","       184","6","        47","6","","","","","  -21.1","6,1218, ","","","","","  48.3"," ,6,0325, ","   39.4","6,0725, ","-2.2","6,0909","-2.2","6,0909","-4.4","6,0913","-8.3","6,1014","-10.0","6,1111","-0.6","6,0504","-3.9","6,0425","-4.4","6,0421","-7.8","6,0328","-8.9","6,0227","    3062.7","7","    3062.7","6","    196.3"," ,6","","","     10.07","6","     20.26","6","     -0.13","6"
"USC00261485","1929","39.1254","-119.7679","1451.2","CARSON CITY, NV US","    205.1","","     205.1","6","        29","6","        19","6","         1","6","","","","","         7","6","       199","6","         4","6","       173","6","        62","6","","","","","  -24.4","6,0208, ","","","","","  25.7"," ,6,1210, ","   40.6","6,0813, ","-3.3","6,0908","-3.3","6,0908","-4.4","6,0925","-7.2","6,1024","-9.4","6,1025","-3.9","6,0602","-3.9","6,0602","-4.4","6,0426","-9.4","6,0410","-9.4","6,0410","    3516.7","7","    3516.7","6","    199.1"," ,6","","","      9.58","6","     20.21","6","     -1.06","6"
"USC00261485","1930","39.1254","-119.7679","1451.2","CARSON CITY, NV US","","","","","","","","","","","","","","","","","","","","","","","","","","","","","","","","","","","","","","","","","","","","","","","","","","","","","","","","","","","    3159.2","2","    3159.2","6","","","","","","","","","",""
"USC00261485","1931","39.1254","-119.7679","1451.2","CARSON CITY, NV US","","","","","        37","6","        26","6","         1","6","","","","","","","","","","","","","","","","","","","","","","","","","  43.2"," ,6,1228, ","","","","","","","","","","","","","","","","","","","","","","","","","","","    263.0"," ,6","","","","","","","",""
"USC00261485","1932","39.1254","-119.7679","1451.2","CARSON CITY, NV US","    154.9","","     154.9","6","        34","6","        16","6","         0","6","","","","","        12","6","       179","6","        17","6","       163","6","        56","6","","","","","  -32.2","6,1213, ","","","","","  19.8"," ,6,0131, ","   37.8","6,0806,+","0.0","6,0830","-5.0","6,1010","-5.0","6,1010","-9.4","6,1019","-9.4","6,1019","0.0","6,0607","-2.8","6,0429","-7.8","6,0422","-7.8","6,0422","-8.9","6,0406","    3471.3","3","    3471.3","6","    145.7"," ,6","","","      9.03","6","     19.03","6","     -0.96","6"
"USC00261485","1933","39.1254","-119.7679","1451.2","CARSON CITY, NV US","    205.6","","     205.6","6","        31","6","        18","6","         3","6","","","","","         9","6","       199","6","         8","6","       163","6","        55","6","","","","","  -23.3","6,0210, ","","","","","  50.8"," ,6,1213, ","   39.4","6,0812,+","0.0","6,0909","-2.2","6,0919","-4.4","6,1101","-9.4","6,1105","-9.4","6,1105","0.0","6,0524","-5.6","6,0519","-5.6","6,0519","-6.7","6,0506","-9.4","6,0430","    3716.8","8","    3716.8","6","    245.3"," ,6","","","      9.37","6","     19.63","6","     -0.89","6"
"USC00261485","1934","39.1254","-119.7679","1451.2","CARSON CITY, NV US","    205.3","","     205.3","6","        40","6","        21","6","         0","6","","","","","         0","6","       158","6","         0","6","       197","6","        56","6","","","","","  -12.8","6,1231,+","","","","","  24.9"," ,6,0101, ","   38.3","6,0728,+","-0.6","6,0924","-4.4","6,0926","-4.4","6,0926","-7.8","6,1121","-9.4","6,1128","-3.9","6,0502","-3.9","6,0502","-8.3","6,0404","-8.3","6,0404","-8.9","6,0403","    2574.2","2","    2574.2","6","    207.1"," ,6","","","     11.46","6","     21.64","6","      1.27","6"
"USC00261485","1935","39.1254","-119.7679","1451.2","CARSON CITY, NV US","","","","","        36","6","        21","6","         1","6","","","","","         3","6","       183","6","","","","","","","","","","","  -22.2","6,0120, ","","","","","  28.7"," ,6,0408, ","","","-0.6","6,1004","-2.2","6,1009","-5.6","6,1016","-7.2","6,1017","-10.6","6,1022","-0.6","6,0531","-2.2","6,0505","-5.0","6,0329","-6.7","6,0328","-14.4","6,0322","    3176.4","4","    3176.4","6","    227.6"," ,6","","","","","","","     -0.16","6"
"USC00261485","1936","39.1254","-119.7679","1451.2","CARSON CITY, NV US","","","","","        36","6","        22","6","         3","6","","","","","","","","","","","","","","","","","","","","","","","","","  48.3"," ,6,0212, ","","","","","","","","","","","","","","","","","","","","","","","","","","","    331.7"," ,6","","","","","","","",""
"USC00261485","1937","39.1254","-119.7679","1451.2","CARSON CITY, NV US","","","","","        33","6","        21","6","         5","6","","","","","","","","","","","","","","","","","","","","","","","","","  56.6"," ,6,1210, ","","","","","","","","","","","","","","","","","","","","","","","","","","","    327.4"," ,6","","","","","","","",""
"USC00261485","1938","39.1254","-119.7679","1451.2","CARSON CITY, NV US","","","","","        44","6","        33","6","         1","6","","","","","","","","","","","","","","","","","","","","","","","","","  46.2"," ,6,0211, ","","","","","","","","","","","","","","","","","","","","","","","","","","","    371.7"," ,6","","","","","","","",""
"USC00261485","1940","39.1254","-119.7679","1451.2","CARSON CITY, NV US","","","","","        52","6","        35","6","         5","6","","","","","","","","","","","","","","","         1"," ","","","","","","","","","  43.2"," ,6,0102, ","","","","","","","","","","","","","","","","","","","","","","","","","","","    477.6"," ,6","","","","","","","",""
"USC00261485","1941","39.1254","-119.7679","1451.2","CARSON CITY, NV US","","","","","        52","6","        26","6","         1","6","","","","","","","","","         2","6","       140","6","        24","6","","","","","","","","","","","  36.1"," ,6,1203, ","   37.2","6,0721, ","","","","","","","","","","","","","","","","","","","","","","","","","    283.8"," ,6","","","","","     18.38","6","",""
"USC00261485","1942","39.1254","-119.7679","1451.2","CARSON CITY, NV US","    190.4","","     190.4","6","        47","6","        30","6","         3","6","","","","","         3","6","       167","6","         6","6","       156","6","        42","6","         9"," ","","","  -27.8","6,0102, ","","","","","  67.3"," ,6,1118, ","   37.8","6,0822,+","-5.0","6,0919","-5.0","6,0919","-5.0","6,0919","-7.2","6,1013","-8.9","6,1110","0.0","6,0516","-2.8","6,0512","-4.4","6,0502","-8.9","6,0327","-8.9","6,0327","    3249.7","7","    3249.7","6","    365.6"," ,6","","","      9.65","6","     18.84","6","      0.46","6"
"USC00261485","1943","39.1254","-119.7679","1451.2","CARSON CITY, NV US","","","","","        38","6","        22","6","         4","6","","","         7","6","         0","6","       165","6","         1","6","       162","6","        38","6","","","","","  -16.7","6,0118, ","","","   262"," ,6,0225, ","  67.3"," ,6,0122, ","   37.8","6,0729, ","-3.3","6,1012","-3.3","6,1012","-6.1","6,1022","-6.7","6,1023","-8.9","6,1031","-0.6","6,0624","-2.8","6,0518","-5.0","6,0516","-7.2","6,0318","-10.0","6,0210","    2887.2","2","    2887.2","6","    353.7"," ,6","      626"," ,6","      9.96","6","     19.64","6","      0.27","6"
"USC00261485","1944","39.1254","-119.7679","1451.2","CARSON CITY, NV US","","","","","        53","6","        26","6","         1","6","","","        10","6","         0","6","       169","6","         3","6","       154","6","        28","6","","","","","  -17.2","6,1231, ","","","   132"," ,6,0222, ","  36.1"," ,6,1110, ","   36.7","6,0830,+","-0.6","6,0920","-3.3","6,1002","-7.2","6,1108","-7.2","6,1108","-8.9","6,1117","0.0","6,0615","-2.8","6,0516","-5.0","6,0425","-7.2","6,0417","-12.8","6,0315","","","","","    288.5"," ,6","      860"," ,6","      9.20","6","     18.07","6","      0.34","6"
"USC00261485","1945","39.1254","-119.7679","1451.2","CARSON CITY, NV US","","","","","        65","6","        33","6","         3","6","","","         9","6","         1","6","       155","6","         7","6","       151","6","        44","6","","","","","  -18.3","6,1214, ","","","   241"," ,6,0228, ","  53.6"," ,6,0202, ","   39.4","6,0726, ","-2.2","6,0923","-2.2","6,0923","-4.4","6,0927","-7.2","6,1024","-9.4","6,1201","0.0","6,0615","-4.4","6,0423","-4.4","6,0423","-8.9","6,0413","-8.9","6,0413","","","","","    427.8"," ,6","     1182"," ,6","     10.11","6","     18.59","6","      1.63","6"
"USC00261485","1946","39.1254","-119.7679","1451.2","CARSON CITY, NV US","","","","","        48","6","        24","6","         1","6","","","         7","6","         1","6","       167","6","","","","","","","","","","","  -18.3","6,0212, ","","","   102"," ,6,1111, ","  44.2"," ,6,1119, ","","","0.0","6,0909","-2.2","6,0918","-7.2","6,1018","-7.2","6,1018","-10.0","6,1029","-0.6","6,0512","-3.3","6,0501","-6.1","6,0402","-7.2","6,0331","-10.6","6,0214","    2821.9","9","    2821.9","6","    227.0"," ,6","      473"," ,6","","","","","      1.21","6"
"USC00261485","1947","39.1254","-119.7679","1451.2","CARSON CITY, NV US","","","","","        26","6","         9","6","         0","6","","","         1","6","         0","6","       156","6","         0","6","       165","6","        32","6","","","","","  -16.1","6,0116, ","","","   102"," ,6,0127, ","  13.7"," ,6,0211, ","   36.1","6,0719,+","-0.6","6,0822","-2.2","6,0920","-5.0","6,1022","-11.1","6,1106","-11.1","6,1106","0.0","6,0428","-2.2","6,0423","-4.4","6,0404","-6.7","6,0324","-8.9","6,0123","","","","","     79.9"," ,6","      149"," ,6","     10.54","6","     20.11","6","      0.96","6"
"USC00261485","1948","39.1254","-119.7679","1451.2","CARSON CITY, NV US","","","","","        56","0","        24","0","         0","0","","","        10","0","         5","0","       169","0","","","","","","","","","         1"," ","  -21.7","0,1229, ","","","   152"," ,0,1203, ","  21.8"," ,0,0409, ","","","-0.6","0,0920","-3.3","0,0925","-4.4","0,1017","-10.6","0,1028","-10.6","0,1028","0.0","6,0522","-5.6","6,0509","-5.6","6,0509","-7.2","6,0326","-10.0","6,0320","","","","","    203.4"," ,0","      809"," ,0","","","","","      0.18","0"
"USC00261485","1949","39.1254","-119.7679","1451.2","CARSON CITY, NV US","    221.8","","     221.8","0","        47","0","        27","0","         1","0","       67","","        15","0","        24","0","       166","0","        32","0","       178","0","        43","0","         2"," ","         6"," ","  -28.9","0,0126, ","   381"," ,0,0121,+","   229"," ,0,0119, ","  38.9"," ,0,1110, ","   37.2","0,0715, ","-1.7","0,1007","-4.4","0,1009","-4.4","0,1009","-6.7","0,1021","-13.3","0,1210","-1.1","0,0509","-2.2","0,0430","-4.4","0,0404","-7.8","0,0329","-10.6","0,0215","    3625.4","4","    3625.4","0","    235.4"," ,0","     1162"," ,0","      9.40","0","     18.81","0","     -0.02","0"
"USC00261485","1950","39.1254","-119.7679","1451.2","CARSON CITY, NV US","    284.2","","     284.2","0","        66","0","        36","0","         9","0","       26","","        15","0","         4","0","       136","0","        10","0","       175","0","        49","0","         4"," ","         4"," ","  -20.0","0,0202, ","   305"," ,0,0115,+","   191"," ,0,0111, ","  79.2"," ,0,1119, ","   39.4","0,0903, ","-5.6","0,0930","-5.6","0,0930","-5.6","0,0930","-10.0","0,1110","-10.0","0,1110","-2.8","0,0608","-2.8","0,0608","-4.4","0,0508","-7.2","0,0313","-12.8","0,0312","    3057.6","6","    3057.6","0","    615.9"," ,0","     1000"," ,0","     11.20","0","     19.91","0","      2.49","0"
"USC00261485","1951","39.1254","-119.7679","1451.2","CARSON CITY, NV US","    241.9","","     241.9","0","        47","0","        25","0","         2","0","       22","","        12","0","         1","0","       150","0","         8","0","       161","0","        47","0","         4"," ","         3"," ","  -19.4","0,0303, ","   152"," ,0,1230,+","   127"," ,0,1230, ","  39.1"," ,0,1229, ","   35.6","0,0723, ","-1.7","0,1005","-4.4","0,1006","-4.4","0,1006","-7.8","0,1116","-10.6","0,1117","-0.6","0,0602","-2.2","0,0502","-6.7","0,0401","-6.7","0,0401","-9.4","0,0304","    2725.1","1","    2725.1","0","    351.5"," ,0","      988"," ,0","     10.45","0","     19.15","0","      1.76","0"
"USC00261485","1952","39.1254","-119.7679","1451.2","CARSON CITY, NV US","    162.6","","     162.6","0","        62","0","        33","0","         3","0","       54","","        23","0","         7","0","       174","0","         8","0","       165","0","        20","0","         3"," ","        11"," ","  -23.3","0,0101, ","   381"," ,0,0315, ","   368"," ,0,0315, ","  38.1"," ,0,0315, ","   34.4","0,0728,+","0.0","0,1012","-2.2","0,1025","-7.2","0,1102","-7.2","0,1102","-9.4","0,1103","-1.7","0,0612","-3.3","0,0421","-5.0","0,0324","-14.4","0,0323","-14.4","0,0323","    3500.5","5","    3500.5","0","    372.1"," ,0","     1958"," ,0","      9.48","0","     17.94","0","      1.02","0"
"USC00261485","1953","39.1254","-119.7679","1451.2","CARSON CITY, NV US","    178.0","","     178.0","0","        34","0","        20","0","         0","0","        8","","         6","0","         0","0","       171","0","         1","0","       137","0","        29","0","         1"," ","         6"," ","  -13.9","0,1223, ","    25"," ,0,1204,+","    51"," ,0,0410, ","  17.0"," ,0,1204, ","   36.1","0,0712, ","-0.6","0,0929","-5.0","0,1003","-5.0","0,1003","-7.8","0,1107","-11.7","0,1119","-1.7","0,0603","-4.4","0,0512","-4.4","0,0512","-7.2","0,0409","-10.0","0,0314","    3243.0","0","    3243.0","0","    153.9"," ,0","      254"," ,0","      9.89","0","     18.71","0","      1.07","0"
"USC00261485","1954","39.1254","-119.7679","1451.2","CARSON CITY, NV US","    192.0","","     192.0","0","        30","0","        20","0","         0","0","       10","","         8","0","         0","0","       160","0","         3","0","       175","0","        24","0","         1"," ","         2"," ","  -16.7","0,1227, ","   152"," ,0,0323, ","   152"," ,0,0323, ","  22.4"," ,0,0213, ","   37.8","0,0802, ","0.0","0,0918","-3.3","0,0930","-7.8","0,1025","-7.8","0,1025","-9.4","0,1027","-2.8","0,0606","-2.8","0,0606","-6.7","0,0501","-6.7","0,0501","-9.4","0,0314","    2985.0","0","    2985.0","0","    208.6"," ,0","      499"," ,0","     10.34","0","     19.29","0","      1.39","0"
"USC00261485","1955","39.1254","-119.7679","1451.2","CARSON CITY, NV US","    223.2","","     223.2","0","        52","0","        26","0","         4","0","       19","","         8","0","         1","0","       160","0","        14","0","       149","0","        42","0","","","         2"," ","  -17.8","0,1230, ","   178"," ,0,1224, ","   178"," ,0,1224, ","  76.7"," ,0,1224, ","   37.2","0,0906, ","-0.6","0,0926","-3.3","0,1007","-4.4","0,1024","-6.7","0,1027","-9.4","0,1125","-1.7","0,0601","-2.8","0,0525","-7.2","0,0427","-7.2","0,0427","-8.9","0,0403","    3512.9","9","    3512.9","0","    389.4"," ,0","      688"," ,0","      9.63","0","     17.94","0","      1.33","0"
"USC00261485","1956","39.1254","-119.7679","1451.2","CARSON CITY, NV US","    142.9","","     142.9","0","        49","0","        23","0","         1","0","       36","","        13","0","         3","0","       160","0","         5","0","       160","0","        20","0","         1"," ","         9"," ","  -21.1","0,0202, ","   279"," ,0,0127, ","   203"," ,0,0125, ","  31.8"," ,0,0125, ","   36.1","0,0628, ","-2.2","0,1013","-2.2","0,1013","-7.8","0,1024","-7.8","0,1024","-9.4","0,1114","-3.3","0,0514","-3.3","0,0514","-8.3","0,0403","-8.3","0,0403","-10.6","0,0312","    3135.5","5","    3135.5","0","    223.6"," ,0","      895"," ,0","      9.48","0","     18.13","0","      0.83","0"
"USC00261485","1957","39.1254","-119.7679","1451.2","CARSON CITY, NV US","    145.6","","     145.6","0","        54","0","        20","0","         0","0","       23","","         6","0","         5","0","       141","0","         7","0","       135","0","        18","0","","","         7"," ","  -21.7","0,0130, ","   127"," ,0,0120, ","   165"," ,0,0120, ","  23.4"," ,0,0225, ","   36.1","0,0909, ","-0.6","0,0920","-3.9","0,1007","-6.7","0,1106","-6.7","0,1106","-10.0","0,1122","-1.1","0,0515","-2.8","0,0415","-7.8","0,0407","-7.8","0,0407","-8.9","0,0323","    3339.7","7","    3339.7","0","    223.9"," ,0","      459"," ,0","      9.75","0","     17.73","0","      1.77","0"
"USC00261485","1958","39.1254","-119.7679","1451.2","CARSON CITY, NV US","    229.9","","     229.9","0","        61","0","        37","0","         2","0","","","        11","0","         1","0","       154","0","         3","0","       171","0","        29","0","         3"," ","        12"," ","  -17.8","0,1117, ","","","   178"," ,0,0403, ","  41.7"," ,0,0403, ","   36.7","0,0816, ","-4.4","0,0924","-4.4","0,0924","-4.4","0,0924","-7.2","0,1021","-9.4","0,1112","-1.1","0,0501","-6.1","0,0424","-6.1","0,0424","-7.2","0,0309","-8.9","0,0307","    3161.4","4","    3161.4","0","    351.5"," ,0","      827"," ,0","     10.87","0","     19.54","0","      2.21","0"
"USC00261485","1959","39.1254","-119.7679","1451.2","CARSON CITY, NV US","    304.0","","     304.0","0","        35","0","        19","0","         0","0","       10","","         6","0","         1","0","       156","0","         1","0","       166","0","        47","0","","","         4"," ","  -19.4","0,0213, ","   305"," ,0,0212, ","   175"," ,0,0211, ","  21.6"," ,0,0216, ","   38.3","0,0711, ","-1.1","0,0915","-2.2","0,0928","-7.8","0,1031","-7.8","0,1031","-10.0","0,1105","-0.6","0,0505","-3.9","0,0504","-5.0","0,0418","-6.7","0,0325","-15.0","0,0214","    2753.0","0","    2753.0","0","    163.3"," ,0","      467"," ,0","     10.88","0","     20.54","0","      1.22","0"
"USC00261485","1960","39.1254","-119.7679","1451.2","CARSON CITY, NV US","    321.5","","     321.5","0","        40","0","        19","0","         1","0","       13","","         7","0","         3","0","       156","0","         5","0","       177","0","        50","0","         2"," ","         5"," ","  -20.0","0,0102, ","   127"," ,0,0209, ","   127"," ,0,0209, ","  28.2"," ,0,0209, ","   39.4","0,0719,+","0.0","0,0922","-2.2","0,1012","-6.1","0,1014","-6.7","0,1119","-9.4","0,1128","-1.1","0,0528","-3.3","0,0523","-4.4","0,0522","-7.2","0,0310","-10.6","0,0224","    3080.0","0","    3080.0","0","    192.2"," ,0","      520"," ,0","     10.97","0","     19.99","0","      1.95","0"
"USC00261485","1961","39.1254","-119.7679","1451.2","CARSON CITY, NV US","    333.4","","     333.4","0","        46","0","        27","0","         0","0","       14","","         8","0","         1","0","       156","0","         3","0","       165","0","        49","0","         2"," ","         6"," ","  -17.8","0,1211, ","   102"," ,0,1121, ","    76"," ,0,1210,+","  12.2"," ,0,0601, ","   37.8","0,0804,+","0.0","0,0925","-5.0","0,1009","-5.0","0,1009","-8.9","0,1022","-8.9","0,1022","-2.8","0,0513","-2.8","0,0513","-6.1","0,0424","-6.7","0,0420","-9.4","0,0223","    2831.6","6","    2831.6","0","    155.4"," ,0","      450"," ,0","     10.96","0","     20.01","0","      1.91","0"
"USC00261485","1962","39.1254","-119.7679","1451.2","CARSON CITY, NV US","    150.7","","     150.7","0","        40","0","        25","0","         3","0","       22","","        12","0","         4","0","       169","0","         5","0","       182","0","        40","0","         4"," ","         4"," ","  -25.0","0,0123, ","   102"," ,0,0302,+","   191"," ,0,0302, ","  60.5"," ,0,0209, ","   36.1","0,0815, ","0.0","0,0919","-3.3","0,1017","-6.1","0,1106","-7.8","0,1117","-9.4","0,1119","0.0","0,0524","-4.4","0,0430","-4.4","0,0430","-8.9","0,0323","-8.9","0,0323","    3141.6","6","    3141.6","0","    336.5"," ,0","      808"," ,0","     10.42","0","     19.93","0","      0.91","0"
"USC00261485","1963","39.1254","-119.7679","1451.2","CARSON CITY, NV US","    164.7","","     164.7","0","        72","0","        31","0","         4","0","        2","","         4","0","         2","0","       141","0","         3","0","       165","0","        30","0","","","         8"," ","  -20.6","0,0113, ","    76"," ,0,0315, ","    91"," ,0,0315, ","  77.0"," ,0,0201, ","   35.0","0,0807,+","-1.7","0,1012","-2.2","0,1013","-4.4","0,1027","-7.2","0,1117","-9.4","0,1204","-1.7","0,0428","-2.2","0,0424","-6.7","0,0422","-6.7","0,0422","-9.4","0,0417","    2811.5","5","    2811.5","0","    450.7"," ,0","      309"," ,0","     10.90","0","     19.90","0","      1.89","0"
"USC00261485","1964","39.1254","-119.7679","1451.2","CARSON CITY, NV US","    204.5","","     204.5","0","        57","0","        32","0","         2","0","       11","","        20","0","         0","0","       158","0","         4","0","       170","0","        39","0","","","         4"," ","  -14.4","0,1119, ","   356"," ,0,1231,+","   312"," ,0,1228, ","  51.3"," ,0,1223, ","   38.3","0,0725, ","-1.7","0,0902","-3.9","0,1018","-4.4","0,1019","-8.3","0,1113","-10.6","0,1116","-1.7","0,0509","-2.8","0,0507","-11.1","0,0424","-11.1","0,0424","-11.1","0,0424","    2958.6","6","    2958.6","0","    353.6"," ,0","     1602"," ,0","     10.49","0","     19.63","0","      1.35","0"
"USC00261485","1965","39.1254","-119.7679","1451.2","CARSON CITY, NV US","","","","","        67","0","        35","0","         0","0","       16","","         9","0","         4","0","       175","0","         7","0","       167","0","        16","0","","","        10"," ","  -23.3","0,0101, ","   330"," ,0,0101, ","   178"," ,0,1229,+","  23.4"," ,0,0124, ","   33.9","0,0806,+","-4.4","0,0917","-4.4","0,0917","-4.4","0,0917","-6.7","0,0918","-9.4","0,1106","-0.6","0,0527","-2.2","0,0507","-4.4","0,0328","-7.2","0,0320","-8.9","0,0303","    2859.8","8","    2859.8","0","    327.7"," ,0","      862"," ,0","      9.59","0","     18.73","0","      0.44","0"
"USC00261485","1966","39.1254","-119.7679","1451.2","CARSON CITY, NV US","    161.2","","     161.2","0","        25","0","        14","0","         2","0","        8","","         3","0","         1","0","       177","0","         0","0","       185","0","        42","0","","","         4"," ","  -18.9","0,0101, ","   203"," ,0,0101, ","    64"," ,0,0302, ","  33.5"," ,0,1205, ","   37.2","0,0729, ","-2.8","0,0914","-2.8","0,0914","-10.0","0,1014","-10.0","0,1014","-10.0","0,1014","-1.1","0,0604","-2.2","0,0601","-4.4","0,0428","-7.8","0,0427","-10.0","0,0420","","","","","    143.1"," ,0","      148"," ,0","     10.08","0","     20.09","0","      0.07","0"
"USC00261485","1967","39.1254","-119.7679","1451.2","CARSON CITY, NV US","    200.9","","     200.9","0","        56","0","        28","0","         0","0","       20","","         9","0","         1","0","       190","0","         5","0","       158","0","        48","0","","","         1"," ","  -21.1","0,1221, ","   381"," ,0,0125, ","   251"," ,0,0124, ","  22.9"," ,0,0316, ","   37.8","0,0702, ","-2.2","0,0914","-2.2","0,0914","-6.7","0,1006","-6.7","0,1006","-10.0","0,1015","0.0","0,0531","-3.9","0,0514","-6.7","0,0503","-6.7","0,0503","-8.9","0,0429","    3295.8","8","    3295.8","0","    279.6"," ,0","      999"," ,0","      9.40","0","     18.98","0","     -0.18","0"
"USC00261485","1968","39.1254","-119.7679","1451.2","CARSON CITY, NV US","    187.9","","     187.9","0","        39","0","        25","0","         1","0","       16","","         8","0","         3","0","       193","0","         3","0","       165","0","        42","0","","","","","  -27.8","0,1221, ","   203"," ,0,1226, ","   127"," ,0,1225, ","  30.5"," ,0,0512, ","   37.2","0,0729, ","-1.7","0,0821","-3.3","0,0822","-6.1","0,0921","-8.9","0,1008","-8.9","0,1008","-1.1","0,0630","-2.8","0,0511","-5.6","0,0428","-7.2","0,0423","-9.4","0,0421","    3152.9","9","    3152.9","0","    214.2"," ,0","      531"," ,0","      9.86","0","     19.42","0","      0.31","0"
"USC00261485","1969","39.1254","-119.7679","1451.2","CARSON CITY, NV US","    186.1","","     186.1","0","        57","0","        36","0","         4","0","       26","","        14","0","         4","0","       174","0","         4","0","       164","0","        44","0","","","","","  -22.8","0,0131, ","   254"," ,0,0226, ","   152"," ,0,0224, ","  44.5"," ,0,0119, ","   37.2","0,0722, ","-7.8","0,1004","-7.8","0,1004","-7.8","0,1004","-7.8","0,1004","-8.9","0,1012","-1.7","0,0503","-2.2","0,0428","-5.0","0,0427","-7.2","0,0325","-9.4","0,0314","    3390.1","1","    3390.1","0","    441.3"," ,0","     1154"," ,0","      9.71","0","     19.33","0","      0.08","0"
"USC00261485","1970","39.1254","-119.7679","1451.2","CARSON CITY, NV US","    206.7","","     206.7","0","        44","0","        30","0","         0","0","        3","","         4","0","         2","0","       182","0","         7","0","       150","0","        49","0","","","","","  -21.1","0,1223, ","    51"," ,0,0305, ","   152"," ,0,1216, ","  24.1"," ,0,0114, ","   36.7","0,0810,+","-1.1","0,0914","-4.4","0,0915","-4.4","0,0915","-6.7","0,1008","-13.9","0,1027","-1.1","0,0611","-2.8","0,0515","-5.6","0,0429","-10.6","0,0423","-10.6","0,0423","    3161.4","4","    3161.4","0","    341.1"," ,0","      471"," ,0","      9.88","0","     19.31","0","      0.45","0"
"USC00261485","1971","39.1254","-119.7679","1451.2","CARSON CITY, NV US","    213.9","","     213.9","0","        46","0","        27","0","         0","0","","","","","         6","0","       180","0","        10","0","       145","0","        43","0","","","         7"," ","  -26.7","0,0103, ","","","","","  21.6"," ,0,1223, ","   38.3","0,0811,+","-0.6","0,0903","-3.9","0,0918","-5.6","0,0919","-7.2","0,1001","-14.4","0,1029","0.0","0,0530","-5.0","0,0519","-5.0","0,0519","-7.8","0,0422","-8.9","0,0401","    3306.9","9","    3306.9","0","    247.3"," ,0","","","      9.37","0","     18.78","0","     -0.05","0"
"USC00261485","1972","39.1254","-119.7679","1451.2","CARSON CITY, NV US","    200.2","","     200.2","0","        50","0","        29","0","         0","0","       38","","         6","0","        15","0","       169","0","        19","0","       162","0","        36","0","","","         2"," ","  -27.8","0,1211, ","   178"," ,0,0102,+","    64"," ,0,0128, ","  15.7"," ,0,1002, ","   39.4","0,0808, ","-1.1","0,0912","-3.9","0,0925","-6.1","0,1025","-6.7","0,1029","-10.6","0,1030","-0.6","0,0611","-3.3","0,0511","-5.6","0,0501","-11.1","0,0420","-11.1","0,0420","    3336.3","3","    3336.3","0","    218.0"," ,0","      215"," ,0","      9.56","0","     18.84","0","      0.28","0"
"USC00261485","1973","39.1254","-119.7679","1451.2","CARSON CITY, NV US","    184.6","","     184.6","0","        51","0","        30","0","         3","0","       25","","        10","0","         3","0","       185","0","         7","0","       164","0","        42","0","","","         1"," ","  -20.6","0,0108,+","   127"," ,0,0109, ","    89"," ,0,0109, ","  30.5"," ,0,1213, ","   37.2","0,0626, ","-0.6","0,0824","-2.8","0,0902","-6.7","0,1003","-6.7","0,1003","-10.6","0,1010","-0.6","0,0526","-2.2","0,0506","-5.0","0,0501","-8.9","0,0408","-8.9","0,0408","    3484.2","2","    3484.2","0","    352.0"," ,0","      497"," ,0","      9.69","0","     18.92","0","      0.47","0"
"USC00261485","1974","39.1254","-119.7679","1451.2","CARSON CITY, NV US","    169.8","","     169.8","0","        37","0","        18","0","         0","0","       16","","         3","0","         6","0","       175","0","        10","0","       162","0","        43","0","","","","","  -23.3","0,0103, ","   127"," ,0,0107, ","   102"," ,0,0302, ","  18.3"," ,0,0302, ","   37.2","0,0630, ","-2.8","0,0912","-2.8","0,0912","-5.0","0,0928","-6.7","0,1022","-9.4","0,1129","-1.1","0,0608","-6.1","0,0520","-6.1","0,0520","-7.2","0,0518","-13.3","0,0304","    3184.2","2","    3184.2","0","    169.9"," ,0","      190"," ,0","      9.95","0","     19.75","0","      0.14","0"
"USC00261485","1975","39.1254","-119.7679","1451.2","CARSON CITY, NV US","    158.7","","     158.7","0","        50","0","        27","0","         0","0","       19","","        10","0","         2","0","       174","0","         2","0","       155","0","        34","0","","","         1"," ","  -21.7","0,0102, ","   254"," ,0,0314, ","   259"," ,0,0314, ","  23.4"," ,0,0314, ","   38.9","0,0726, ","-5.0","0,1008","-5.0","0,1008","-5.0","0,1008","-8.3","0,1023","-11.1","0,1024","0.0","0,0626","-2.2","0,0520","-6.7","0,0429","-6.7","0,0429","-8.9","0,0407","    3246.0","0","    3246.0","0","    302.7"," ,0","      994"," ,0","      9.53","0","     18.74","0","      0.32","0"
"USC00261485","1976","39.1254","-119.7679","1451.2","CARSON CITY, NV US","    133.1","","     133.1","0","        38","0","        19","0","         0","0","       11","","         5","0","         0","0","       166","0","         2","0","       172","0","        31","0","","","         2"," ","  -16.1","0,1221,+","   203"," ,0,0206,+","   127"," ,0,0205, ","  21.6"," ,0,0911, ","   36.1","0,0901,+","0.0","0,1012","-2.8","0,1013","-4.4","0,1018","-8.3","0,1027","-9.4","0,1028","0.0","0,0614","-2.8","0,0429","-4.4","0,0428","-8.3","0,0417","-10.6","0,0320","    3215.6","6","    3215.6","0","    167.1"," ,0","      367"," ,0","      9.57","0","     19.44","0","     -0.30","0"
"USC00261485","1977","39.1254","-119.7679","1451.2","CARSON CITY, NV US","    278.6","","     278.6","0","        43","0","        19","0","         2","0","        8","","         4","0","         0","0","       166","0","         3","0","       173","0","        62","0","","","         7"," ","  -16.7","0,0109, ","    76"," ,0,1222,+","    64"," ,0,1222,+","  48.8"," ,0,1217, ","   36.7","0,0812,+","0.0","0,0918","-2.8","0,1001","-6.7","0,1003","-6.7","0,1003","-11.1","0,1109","0.0","0,0528","-2.8","0,0519","-4.4","0,0506","-7.2","0,0419","-11.1","0,0329","    3240.1","1","    3240.1","0","    262.9"," ,0","      316"," ,0","     10.69","0","     20.28","0","      1.10","0"
"USC00261485","1978","39.1254","-119.7679","1451.2","CARSON CITY, NV US","    179.3","","     179.3","0","        44","0","        23","0","         0","0","       22","","         4","0","         5","0","       156","0","        11","0","       165","0","        33","0","","","         1"," ","  -23.9","0,1220, ","   152"," ,0,1219, ","   127"," ,0,1218, ","  23.1"," ,0,0106, ","   37.2","0,0809,+","-0.6","0,0908","-4.4","0,0918","-4.4","0,0918","-6.7","0,1023","-10.6","0,1112","-4.4","0,0525","-4.4","0,0525","-4.4","0,0525","-6.7","0,0421","-8.9","0,0212","    2640.8","8","    2640.8","0","    193.6"," ,0","      386"," ,0","     10.03","0","     19.08","0","      0.98","0"
"USC00261485","1979","39.1254","-119.7679","1451.2","CARSON CITY, NV US","","","","","","","","","","","","","","","","","","","","","","","","","","","","","","","","","","","","","","","","","","","","","","","","","","","","","","","","","","","    3097.9","9","    3097.9"," ","    256.3"," ,0","","","","","","","",""
"USC00261485","1980","39.1254","-119.7679","1451.2","CARSON CITY, NV US","    181.5","","     181.5","0","        43","0","        22","0","         0","0","       10","","         6","0","         0","0","       153","0","         3","0","       162","0","        27","0","","","","","  -12.2","0,1210,+","   152"," ,0,0111, ","   152"," ,0,0111, ","  18.8"," ,0,1204, ","   38.3","0,0727, ","-0.6","0,0922","-2.2","0,1013","-4.4","0,1017","-7.2","0,1029","-10.6","0,1125","0.0","0,0606","-2.8","0,0526","-7.2","0,0331","-7.2","0,0331","-10.0","0,0312","","","","","    366.1"," ,0","      486"," ,0","     10.62","0","     19.25","0","      2.00","0"
"USC00261485","1981","39.1254","-119.7679","1451.2","CARSON CITY, NV US","    305.5","","     305.5","0","","","","","","","","","         3","0","         0","0","       145","0","         1","0","       153","0","        58","0","","","","","  -11.7","0,0203, ","","","   102"," ,0,0130, ","","","   38.3","0,0809, ","-0.6","0,1001","-2.8","0,1008","-5.6","0,1015","-8.3","0,1129","","","-0.6","0,0613","-2.2","0,0507","-5.0","0,0331","-7.2","0,0317","-10.0","0,0204","    2800.1","1","    2800.1","0","    278.4"," ,0","      224"," ,0","     11.61","0","     20.33","0","      2.88","0"
"USC00261485","1982","39.1254","-119.7679","1451.2","CARSON CITY, NV US","","","","","","","","","","","       33","","        14","0","         3","0","       163","0","","","","","","","","","","","  -21.7","0,0107, ","   279"," ,0,0105, ","   229"," ,0,0105, ","","","","","-0.6","0,0928","-2.8","0,1008","-4.4","0,1028","-7.8","0,1113","-9.4","0,1114","0.0","0,0606","-5.0","0,0422","-5.0","0,0422","-6.7","0,0322","-10.0","0,0207","","","","","","","      901"," ,0","","","","","      1.66","0"
"USC00261485","1983","39.1254","-119.7679","1451.2","CARSON CITY, NV US","","","","","","","","","","","","","","","         0","0","       135","0","","","","","","","","","","","  -12.2","0,1122,+","","","","","","","","","-1.7","0,1015","-2.2","0,1016","-6.7","0,1108","-6.7","0,1108","-12.2","0,1122","-1.1","0,0517","-3.3","0,0415","-5.6","0,0411","-6.7","0,0407","-10.0","0,0113","","","","","    552.9"," ,0","","","","","","","      3.10","0"
"USC00261485","1984","39.1254","-119.7679","1451.2","CARSON CITY, NV US","","","","","        49","0","        20","0","         0","0","","","","","         1","0","       164","0","","","","","","","         7"," ","","","  -17.8","0,1218, ","","","","","  17.8"," ,0,0615, ","","","-4.4","0,0925","-4.4","0,0925","-4.4","0,0925","-7.2","0,1018","-11.1","0,1126","0.0","0,0608","-2.8","0,0516","-4.4","0,0428","-6.7","0,0306","-8.9","0,0226","","","","","    219.2"," ,0","","","","","","","      1.81","0"
"USC00261485","1985","39.1254","-119.7679","1451.2","CARSON CITY, NV US","","","","","","","","","","","","","","","         1","0","       168","0","","","","","","","","","","","  -18.9","0,1114, ","","","","","","","","","-0.6","0,0912","-5.0","0,1010","-5.0","0,1010","-6.7","0,1014","-11.1","0,1111","-2.8","0,0530","-2.8","0,0530","-5.6","0,0426","-8.9","0,0326","-8.9","0,0326","","","","","","","","","","","","","      0.80","0"
"USC00261485","1986","39.1254","-119.7679","1451.2","CARSON CITY, NV US","    196.5","","     196.5","0","        36","0","        21","0","         5","0","","","","","         0","0","       151","0","         0","0","       135","0","        40","0","","","         1"," ","  -13.3","0,1228, ","","","","","  64.8"," ,0,0217, ","   35.6","0,0809, ","-1.7","0,0918","-3.9","0,0920","-5.0","0,1012","-7.8","0,1102","-10.0","0,1109","-2.8","0,0522","-2.8","0,0522","-4.4","0,0507","-6.7","0,0403","-10.0","0,0210","","","","","    378.0"," ,0","","","     10.70","0","     19.56","0","      1.83","0"
"USC00261485","1987","39.1254","-119.7679","1451.2","CARSON CITY, NV US","","","","","        44","0","        19","0","         0","0","","","","","         2","0","       136","0","","","","","","","         2"," ","","","  -20.6","0,1231, ","","","","","  21.8"," ,0,0213, ","","","-3.3","0,1014","-3.3","0,1014","-4.4","0,1111","-8.9","0,1115","-8.9","0,1115","-2.2","0,0502","-2.2","0,0502","-5.6","0,0420","-7.2","0,0419","-8.9","0,0320","    2873.1","1","    2873.1","0","    173.1"," ,0","","","","","","","      1.56","0"
"USC00261485","1988","39.1254","-119.7679","1451.2","CARSON CITY, NV US","","","","","","","","","","","","","","","         5","0","       155","0","        11","0","       155","0","        55","0","         2"," ","","","  -24.4","0,1227, ","","","","","","","   38.3","0,0721, ","-1.7","0,0913","-6.1","0,1109","-6.1","0,1109","-7.2","0,1130","-11.1","0,1223","-0.6","0,0608","-2.2","0,0606","-5.0","0,0502","-6.7","0,0401","-8.9","0,0317","","","","","","","","","     10.60","0","     19.58","0","      1.61","0"
"USC00261485","1989","39.1254","-119.7679","1451.2","CARSON CITY, NV US","","","","","        49","0","        29","0","         0","0","","","         3","0","         4","0","       142","0","","","","","","","","","         7"," ","  -30.0","0,0207, ","","","   229"," ,0,0203, ","  23.6"," ,0,0719, ","","","0.0","0,1004","-2.2","0,1006","-5.6","0,1026","-8.3","0,1029","-8.9","0,1030","-1.1","0,0525","-2.2","0,0429","-4.4","0,0426","-7.2","0,0304","-9.4","0,0303","","","","","    228.0"," ,0","      343"," ,0","","","","","      0.93","0"
"USC00261485","1990","39.1254","-119.7679","1451.2","CARSON CITY, NV US","","","","","        45","0","        14","0","         0","0","","","         3","0","","","","","","","","","","","","","         9"," ","","","","","   127"," ,0,0216, ","  11.4"," ,0,1211, ","","","","","","","","","","","","","","","","","","","","","","","","","","","    101.8"," ,0","      254"," ,0","","","","","",""
"USC00261485","1991","39.1254","-119.7679","1451.2","CARSON CITY, NV US","","","","","","","","","","","","","","","","","","","","","","","","","","","         1"," ","","","","","","","","","","","","","","","","","","","","","","","","","","","","","","","","","","","","","","","","","","","",""
"USC00261485","1992","39.1254","-119.7679","1451.2","CARSON CITY, NV US","    231.0","","     231.0","0","        32","0","        15","0","         0","0","        1","","         2","0","         2","0","       133","0","         3","0","       165","0","        29","0","         4"," ","         3"," ","  -20.6","0,1219, ","   178"," ,0,1229, ","   279"," ,0,1229, ","  16.0"," ,0,0331, ","   37.2","0,0810, ","-2.2","0,1007","-2.2","0,1007","-9.4","0,1109","-9.4","0,1109","-9.4","0,1109","0.0","0,0424","-2.8","0,0423","-4.4","0,0419","-7.8","0,0205","-10.0","0,0203","","","","","    119.1"," ,0","      464"," ,0","     11.04","0","     19.62","0","      2.46","0"
"USC00261485","1993","39.1254","-119.7679","1451.2","CARSON CITY, NV US","","","","","        42","0","        27","0","         0","0","","","         8","0","         5","0","       145","0","","","","","","","         2"," ","","","  -26.1","0,0103, ","","","   127"," ,0,0220,+","  20.8"," ,0,1005, ","","","0.0","0,0923","-3.9","0,1026","-6.1","0,1102","-7.8","0,1106","-10.6","0,1115","-0.6","0,0428","-3.3","0,0419","-5.6","0,0228","-7.2","0,0216","-10.0","0,0204","","","","","    210.6"," ,0","      648"," ,0","","","","","      1.42","0"
"USC00261485","1994","39.1254","-119.7679","1451.2","CARSON CITY, NV US","    249.9","","     249.9","0","        49","0","        24","0","         0","0","","","         8","0","         1","0","       144","0","         4","0","       154","0","        46","0","","","         1"," ","  -20.0","0,1119, ","","","   127"," ,0,0218, ","  14.2"," ,0,0507, ","   37.2","0,0721, ","-0.6","0,1007","-2.2","0,1013","-5.0","0,1016","-7.8","0,1104","-9.4","0,1113","-2.2","0,0429","-2.2","0,0429","-4.4","0,0411","-7.2","0,0323","-9.4","0,0219","    2949.1","1","    2949.1","0","    162.1"," ,0","      533"," ,0","     10.37","0","     18.84","0","      1.89","0"
"USC00261485","1995","39.1254","-119.7679","1451.2","CARSON CITY, NV US","    142.5","","     142.5","0","        54","0","        42","0","         2","0","        0","","         1","0","         0","0","       129","0","         5","0","       147","0","        22","0","         1"," ","","","  -13.3","0,1225,+","     0","T,0,1215,+","    76"," ,0,0323, ","  40.6"," ,0,1212, ","   35.6","0,0728, ","-4.4","0,1005","-4.4","0,1005","-4.4","0,1005","-9.4","0,1104","-9.4","0,1104","0.0","0,0608","-2.2","0,0423","-5.0","0,0414","-7.8","0,0326","-8.9","0,0215","    3041.1","1","    3041.1","0","    430.3"," ,0","       76"," ,0","     10.72","0","     18.77","0","      2.68","0"
"USC00261485","1996","39.1254","-119.7679","1451.2","CARSON CITY, NV US","    253.9","","     253.9","0","        67","0","        47","0","         1","0","","","","","         0","0","       129","0","         8","0","       154","0","        50","0","","","         4"," ","  -14.4","0,1225,+","","","","","  29.7"," ,0,1205, ","   37.2","0,0723, ","-0.6","0,0917","-3.9","0,1017","-8.9","0,1020","-8.9","0,1020","-8.9","0,1020","0.0","0,0520","-5.0","0,0421","-5.0","0,0421","-7.8","0,0326","-9.4","0,0306","    2724.4","4","    2724.4","0","    508.0"," ,0","","","     10.88","0","     19.02","0","      2.75","0"
"USC00261485","1997","39.1254","-119.7679","1451.2","CARSON CITY, NV US","","","","","","","","","","","","","","","","","","","","","","","","","","","","","","","","","","","","","","","","","","","","","","","","","","","","","","","","","","","    2661.3","3","    2661.3","0","","","","","","","","","",""
"USC00261485","1998","39.1254","-119.7679","1451.2","CARSON CITY, NV US","    210.8","","     210.8","0","        63","0","        47","0","         1","0","","","         6","0","         4","0","       152","0","         7","0","       118","0","        33","0","","","","","  -23.3","0,1223, ","","","   127"," ,0,0223, ","  41.1"," ,0,0324, ","   37.2","0,0813,+","-1.7","0,1004","-2.2","0,1009","-7.2","0,1017","-7.2","0,1017","-8.9","0,1109","-1.7","0,0530","-2.2","0,0519","-5.0","0,0417","-7.2","0,0305","-10.6","0,0225","","","","","    383.1"," ,0","      439"," ,0","      9.62","0","     17.17","0","      2.07","0"
"USC00261485","1999","39.1254","-119.7679","1451.2","CARSON CITY, NV US","","","","","        29","0","        18","0","         1","0","","","         4","0","","","","","","","","","","","","","","","","","","","    64"," ,0,0221, ","  25.9"," ,0,0209, ","","","","","","","","","","","","","","","","","","","","","","","    3065.0","0","    3065.0","0","    172.1"," ,0","      168"," ,0","","","","","",""
"USC00261485","2000","39.1254","-119.7679","1451.2","CARSON CITY, NV US","","","","","        34","0","        20","0","         1","0","","","         0","0","         0","0","       140","0","         0","0","       152","0","        36","0","","","","","  -15.6","0,1113,+","","","     0"," ,0,1231,+","  35.1"," ,0,0124, ","   37.8","0,0731, ","0.0","0,0905","-2.2","0,1012","-7.2","0,1023","-7.2","0,1023","-15.6","0,1111","-2.8","0,0512","-2.8","0,0512","-6.7","0,0511","-6.7","0,0511","-9.4","0,0108","","","","","    199.3"," ,0","        0"," ,0","     10.71","0","     18.97","0","      2.45","0"
"USC00261485","2002","39.1254","-119.7679","1451.2","CARSON CITY, NV US","","","","","        30","0","        20","0","         1","0","        0","","         1","0","         0","0","       153","0","         5","0","       149","0","        43","0","","","","","  -15.0","0,0130, ","     0"," ,0,1231,+","    76"," ,0,1217, ","  46.7"," ,0,1108, ","   40.6","0,0710, ","-3.3","0,1003","-3.3","0,1003","-7.8","0,1031","-7.8","0,1031","-11.1","0,1102","-2.2","0,0522","-2.2","0,0522","-4.4","0,0416","-6.7","0,0319","-12.8","0,0318","","","","","    210.3"," ,0","       76"," ,0","     10.60","0","     19.32","0","      1.88","0"
"USC00261485","2003","39.1254","-119.7679","1451.2","CARSON CITY, NV US","","","","","        38","0","        19","0","         1","0","","","","","         0","0","       139","0","","","","","","","","","","","  -12.8","0,0209, ","","","","","  26.7"," ,0,0413, ","","","-2.8","0,1011","-2.8","0,1011","-8.9","0,1102","-8.9","0,1102","-8.9","0,1102","-0.6","0,0511","-2.2","0,0505","-5.6","0,0405","-6.7","0,0329","-8.9","0,0210","","","","","    146.4"," ,0","","","","","","","      2.88","0"
"USC00261485","2004","39.1254","-119.7679","1451.2","CARSON CITY, NV US","","","","","        35","0","        18","0","         0","0","","","         3","0","         2","0","       127","0","         8","0","       165","0","        34","0","         2"," ","         1"," ","  -19.4","0,1129, ","","","   356"," ,0,1231, ","  22.9"," ,0,1127, ","   36.7","0,0724, ","-3.3","0,1011","-3.3","0,1011","-6.1","0,1101","-6.7","0,1120","-10.0","0,1122","-1.7","0,0513","-2.8","0,0423","-4.4","0,0229","-8.3","0,0214","-10.6","0,0124","","","","","    175.7"," ,0","      432"," ,0","     10.64","0","     18.97","0","      2.32","0"
"USC00261485","2006","39.1254","-119.7679","1451.2","CARSON CITY, NV US","","","","","        35","0","        26","0","         3","0","","","         6","0","         2","0","       138","0","         3","0","       148","0","        42","0","","","","","  -18.3","0,1219, ","","","   203"," ,0,0310, ","  36.8"," ,0,0228, ","   37.8","0,0625, ","-2.2","0,0916","-2.2","0,0916","-4.4","0,1018","-7.2","0,1026","-9.4","0,1124","-1.7","0,0528","-3.3","0,0421","-5.0","0,0418","-10.0","0,0312","-10.0","0,0312","","","","","    278.7"," ,0","      496"," ,0","     10.51","0","     18.81","0","      2.20","0"
"USC00261485","2009","39.1254","-119.7679","1451.2","CARSON CITY, NV US","","","","","        33","0","        17","0","         1","0","","","         5","0","","","","","","","","","","","","","","","","","","","   343"," ,0,1207, ","  25.4"," ,0,1014, ","","","","","","","","","","","","","","","","","","","","","","","","","","","    161.8"," ,0","      608"," ,0","","","","","",""
"USC00261485","2013","39.1254","-119.7679","1451.2","CARSON CITY, NV US","    346.9","","     346.9","7","        19","7","        10","7","         0","7","","","","","         8","7","       163","7","        19","7","       161","7","        47","7","","","","","  -23.9","7,1209, ","","","","","  11.4"," ,7,0507, ","   39.4","7,0721, ","-3.9","7,0927","-3.9","7,0927","-5.0","7,1005","-8.3","7,1105","-8.9","7,1121","-0.6","7,0524","-2.2","7,0424","-6.7","7,0418","-6.7","7,0418","-11.1","7,0224","","","","","     65.2"," ,7","","","     10.20","7","     18.81","7","      1.58","7"
"USC00261485","2014","39.1254","-119.7679","1451.2","CARSON CITY, NV US","    351.1","","     351.1","7","        38","7","        18","7","         1","7","        4","","         2","7","         0","7","       127","7","         3","7","       180","7","        42","7","","","","","  -14.4","7,1231, ","   152"," ,7,0130, ","   152"," ,7,0130, ","  27.9"," ,7,0720, ","   39.4","7,0714, ","0.0","7,1002","-2.8","7,1027","-5.6","7,1103","-11.1","7,1117","-11.1","7,1117","-0.6","7,0511","-2.8","7,0403","-4.4","7,0319","-11.1","7,0205","-11.1","7,0205","    2899.4","4","    2899.4","7","    183.9"," ,7","      236"," ,7","     12.18","7","     20.43","7","      3.92","7"
"USC00261485","2015","39.1254","-119.7679","1451.2","CARSON CITY, NV US","    314.3","","     314.3","7","        38","7","        27","7","         0","7","       18","","         7","7","         0","7","       122","7","         7","7","       169","7","        32","7","","","","","  -16.7","7,0101, ","   203"," ,7,1225,+","   203"," ,7,1224, ","  16.5"," ,7,0207, ","   37.2","7,0625, ","-1.1","7,1021","-2.2","7,1030","-6.1","7,1105","-7.2","7,1111","-8.9","7,1126","-2.8","7,0417","-2.8","7,0417","-4.4","7,0416","-8.3","7,0403","-9.4","7,0225","    2566.4","4","    2566.4","7","    232.7"," ,7","      517"," ,7","     11.75","7","     19.61","7","      3.90","7"
"USC00261485","2016","39.1254","-119.7679","1451.2","CARSON CITY, NV US","","","","","        42","7","        22","7","         5","7","       13","","         6","7","","","","","","","","","","","","","","","","","   102"," ,7,0218,+","   102"," ,7,0218, ","  50.8"," ,7,1210, ","","","","","","","","","","","","","","","","","","","","","","","    2799.3","3","    2799.3","7","    305.1"," ,7","      337"," ,7","","","","","",""
"USC00261485","2021","39.1254","-119.7679","1451.2","CARSON CITY, NV US","","","","","","","","","","","","","         9","7","","","","","","","","","","","","","","","","","","","   127"," ,7,0128, ","","","","","","","","","","","","","","","","","","","","","","","","","","","","","","","      638"," ,7","","","","","",""
"USC00261485","2022","39.1254","-119.7679","1451.2","CARSON CITY, NV US","","","","","","","","","","","        9","","         5","7","","","","","","","","","","","","","","","","","   152"," ,7,1212,+","   152"," ,7,1211, ","","","","","","","","","","","","","","","","","","","","","","","","","","","","","","","      283"," ,7","","","","","",""
